{
    "camera_name": "D400",
    "depth_scale": 0.0010000000474974513,
    "depth_fx_fy": [
        389.0960693359375,
        389.0960693359375
    ],
    "depth_ppx_ppy": [
        318.3507995605469,
        243.62193298339844
    ],
    "color_fx_fy": [
        420.2270812988281,
        419.8166198730469
    ],
    "color_ppx_ppy": [
        418.1453857421875,
        245.16981506347656
    ],
    "depth_to_color_trans": [
        -0.059028711169958115,
        0.00020984711591154337,
        0.00028735643718391657
    ],
    "depth_to_color_rot": [
        [
            0.999995768070221,
            -0.002411586232483387,
            -0.001641725655645132
        ],
        [
            0.0023998860269784927,
            0.9999719858169556,
            -0.007091784384101629
        ],
        [
            0.0016587821301072836,
            0.0070878141559660435,
            0.999973475933075
        ]
    ],
    "model_color": "inverse_brown_conrady",
    "model_depth": "brown_conrady",
    "dist_coeffs_color": [
        -0.05547025054693222,
        0.06593960523605347,
        0.00043756605009548366,
        0.00010008177196141332,
        -0.02070501446723938
    ],
    "dist_coeffs_depth": [
        0.0,
        0.0,
        0.0,
        0.0,
        0.0
    ],
    "size_color": [
        848,
        480
    ],
    "size_depth": [
        640,
        480
    ],
    "color_rate": 60,
    "depth_rate": 60
}