{
    "camera_name": "D455",
    "depth_scale": 0.0010000000474974513,
    "depth_fx_fy": [
        429.6269226074219,
        429.6269226074219
    ],
    "depth_ppx_ppy": [
        422.17901611328125,
        243.9992218017578
    ],
    "color_fx_fy": [
        420.11285400390625,
        419.7025146484375
    ],
    "color_ppx_ppy": [
        418.1453857421875,
        245.16981506347656
    ],
    "depth_to_color_trans": [
        -0.05805009028711169958115,
        0.0195020984711591154337,
        0.00895035643718391657
    ],
    "depth_to_color_rot": [
        [
            0.999995768070221,
            -0.002411586232483387,
            -0.001641725655645132
        ],
        [
            0.0023998860269784927,
            0.9999719858169556,
            -0.007091784384101629
        ],
        [
            0.0016587821301072836,
            0.0070878141559660435,
            0.999973475933075
        ]
    ],
    "model_color": "inverse_brown_conrady",
    "model_depth": "brown_conrady",
    "dist_coeffs_color": [
        -0.05547025054693222,
        0.06593960523605347,
        0.00043756605009548366,
        0.00010008177196141332,
        -0.02070501446723938
    ],
    "dist_coeffs_depth": [
        0.0,
        0.0,
        0.0,
        0.0,
        0.0
    ],
    "size_color": [
        848,
        480
    ],
    "size_depth": [
        848,
        480
    ],
    "color_rate": 60,
    "depth_rate": 60
}