{
    "start_crop": [
        [
            184,
            300,
            371
        ],
        [
            204,
            321,
            239
        ]
    ],
    "end_crop": [
        [
            322,
            396,
            531
        ],
        [
            338,
            402,
            345
        ]
    ],
    "mask_params": [
        {
            "min_threshold": 44,
            "max_threshold": 124,
            "clipping_distance_in_meters": 1.4
        },
        {
            "min_threshold": 64,
            "max_threshold": 99,
            "clipping_distance_in_meters": 1.2
        },
        {
            "min_threshold": 30,
            "max_threshold": 132,
            "clipping_distance_in_meters": 1.4
        }
    ],
    "first_frame_markers": [
        {
            "C7": [
                [
                    60.0,
                    20.0,
                    1.039000049349852
                ],
                true,
                true
            ],
            "Scap_AA": [
                [
                    61.0,
                    65.0,
                    0.9830000466899946
                ],
                true,
                true
            ],
            "Scap_IA": [
                [
                    56.0,
                    119.0,
                    1.0270000487798825
                ],
                true,
                true
            ],
            "Acrom": [
                [
                    106.0,
                    88.0,
                    0.955000045360066
                ],
                true,
                true
            ],
            "Clav_AC": [
                [
                    116.0,
                    65.0,
                    0.9880000469274819
                ],
                true,
                true
            ],
            "Clav_SC": [
                [
                    121.0,
                    43.0,
                    1.1690000555245206
                ],
                true,
                true
            ]
        },
        {
            "delt": [
                [
                    28.0,
                    13.0,
                    1.0320000490173697
                ],
                true,
                true
            ],
            "arm_l": [
                [
                    37.0,
                    29.0,
                    1.068000050727278
                ],
                true,
                true
            ],
            "epic_l": [
                [
                    53.0,
                    61.0,
                    1.1320000537671149
                ],
                true,
                true
            ]
        },
        {
            "styl_u": [
                [
                    55.0,
                    98.0,
                    1.296000061556697
                ],
                false,
                true
            ],
            "h_up": [
                [
                    72.0,
                    67.0,
                    1.2820000608917326
                ],
                false,
                true
            ],
            "h_down": [
                [
                    78.0,
                    85.0,
                    1.3020000618416816
                ],
                true,
                true
            ],
            "ped_l": [
                [
                    64.0,
                    50.0,
                    1.296000061556697
                ],
                false,
                true
            ],
            "ped_r": [
                [
                    48.0,
                    78.0,
                    1.2800000607967377
                ],
                true,
                true
            ]
        }
    ]
}